Features,Weight
Entertainment,5.1508213146208e-06
Facility,5.4752638938907784e-05
Food Service,9.50308309179315e-07
General Medical,8.92539576229546e-06
Hotel,0.0009287440772145646
Multifamily,0.00012039324539299475
Office,5.088696801695508e-05
Other,1.9112657624993777e-05
Parking,2.6585605177256873e-05
Retail,5.08800682908427e-06
year,0.002548640150952623
occ,7.050157518774094e-06
n_site_gas,0.8496758157887827
n_site_elec,0.14589938399818123
water_use,0.0006485201799837974
