Train,Test
0.865129816,0.772048796
