Train,Test
0.865208622,0.772187132
