Train,Test
0.975259352,0.539853841
