Train,Test
0.975863921,0.352317471
